Algorithm,Actual_kWh,Forecast_kWh,Difference_kWh,MAPE_%,Accuracy_%,MAE_%,RMSE_%
SARIMAX,387523138.0,397345722.11744404,9822584.117444038,2.5347090674735497,97.46529093252644,2.5347090674735497,2.5347090674735497
Seq2Seq,387523138.0,396376317.9916215,8853179.991621494,2.284555197739314,97.71544480226069,2.284555197739314,2.284555197739314
HGB,387523138.0,396635735.903582,9112597.903581977,2.351497758459516,97.64850224154048,2.351497758459516,2.351497758459516
LightGBM,387523138.0,396844374.05499065,9321236.05499065,2.4053366472766973,97.5946633527233,2.4053366472766973,2.4053366472766973
Ensemble,387523138.0,397128481.74937665,9605343.749376655,2.478650384322769,97.52134961567722,2.478650384322769,2.478650384322769
